id,3PM,OREB
1,0.333235, 0.752191
2,0.999705, 0.558015
3,0.974956, 0.470807
4,0.461697, 0.777299
5,0.828816, 0.752191
6,0.416028, 0.781905
8,0.999705, 0.374684
9,0.489982, 0.705393
10,0.997643, 0.000000
11,0.998527, 0.587283
12,0.450501, 0.899272
13,0.992634, 0.400683
15,0.790513, 0.561729
16,0.991161, 0.426683
17,0.368592, 0.837766
19,0.948733, 0.523251
20,0.325280, 0.753677
21,0.994697, 0.587283
22,0.245728, 0.868816
24,0.994402, 0.591145
25,0.188568, 0.883821
26,0.124042, 0.817263
27,0.637006, 0.735403
28,0.687979, 0.889318
29,0.841485, 0.367107
30,1.000000, 0.316892
31,0.997938, 0.672114
32,0.838244, 0.813104
34,0.756335, 0.611499
35,0.666470, 0.793196
36,0.808780, 0.738969
37,0.516205, 0.889764
38,0.000000, 0.911900
39,0.865351, 0.889467
42,0.947260, 0.541673
44,0.992634, 0.541970
45,0.977313, 0.823800
46,0.933117, 0.587580
47,0.609311, 0.869113
48,0.417207, 0.841480
49,0.933117, 0.711484
50,0.657336, 0.620116
51,0.751031, 0.856485
52,0.993223, 0.746843
53,0.630819, 0.724855
54,0.953742, 0.867925
55,0.993518, 0.383301
56,0.847083, 0.934482
57,0.987036, 0.527113
58,0.345610, 0.930768
59,0.295522, 0.930322
60,0.999411, 0.726192
61,0.834414, 0.734661
63,0.929876, 0.824395
64,0.493518, 0.772248
65,0.711844, 0.692765
66,0.327637, 0.925420
68,0.882734, 0.858713
69,0.999116, 0.729906
70,0.941367, 0.512851
71,0.884502, 0.746843
73,0.978491, 0.924231
74,0.681497, 0.806864
75,0.986447, 0.692913
76,0.540660, 0.859456
78,0.937242, 0.850245
79,0.997054, 0.925865
81,0.759870, 0.847571
84,0.904243, 0.762145
85,0.766942, 0.594117
86,0.650560, 0.785025
87,0.932528, 0.844451
88,0.999116, 0.488040
89,0.414260, 0.737335
90,1.000000, 0.961373
91,0.503536, 0.904472
92,0.987920, 0.649681
93,0.571597, 0.833457
94,0.940189, 0.622344
95,0.988214, 0.386124
96,0.974661, 0.915020
97,0.910136, 0.713713
98,0.922216, 0.662606
99,0.935474, 0.825286
101,0.999411, 0.509137
102,0.998527, 0.327589
103,0.674720, 0.885604
104,0.994402, 0.948893
105,0.708898, 0.862428
106,0.708309, 0.900312
107,0.406600, 0.897638
108,0.965527, 0.768088
109,0.854449, 0.812658
110,0.708014, 0.913980
111,0.943135, 0.796018
113,0.994991, 0.872084
114,0.998232, 0.651166
115,0.684738, 0.896598
116,0.680024, 0.765562
117,0.991161, 0.698559
118,0.935769, 0.867330
119,0.997054, 0.936711
120,0.907778, 0.744912
122,0.460813, 0.928688
123,0.860047, 0.722032
124,0.540365, 0.920666
125,0.387743, 0.874164
126,0.843842, 0.882038
127,0.997643, 0.658446
128,0.756040, 0.863468
129,0.591632, 0.718615
130,0.802004, 0.908186
131,0.570713, 0.935968
132,0.617855, 0.893775
133,1.000000, 0.940128
134,0.999705, 0.607933
135,0.473483, 0.789333
136,0.976429, 0.783242
137,0.999411, 0.865102
138,0.766942, 0.712970
140,0.553919, 0.910712
141,0.545669, 0.919180
143,0.990277, 0.550438
144,0.749853, 0.654732
145,0.997054, 0.679394
146,0.771656, 0.899421
148,0.521214, 0.927202
149,0.954626, 0.722330
150,0.994402, 0.771356
151,0.692988, 0.863765
152,0.608427, 0.875204
153,0.999705, 0.731986
154,0.782852, 0.922746
155,0.537714, 0.682514
156,0.553035, 0.921408
158,0.994402, 0.749517
159,0.526223, 0.846531
160,0.997938, 0.758283
161,0.963170, 0.788442
162,0.999705, 0.778190
163,0.615498, 0.947556
164,0.840601, 0.651909
166,0.841485, 0.779082
167,0.507955, 0.937899
168,0.638774, 0.877433
169,0.912787, 0.871639
170,0.942546, 0.825880
172,0.999705, 0.929877
173,0.997643, 0.694845
174,0.993518, 0.675531
175,0.817325, 0.847422
177,0.347083, 0.951270
178,0.544490, 0.886941
179,0.968179, 0.878473
180,0.846494, 0.665726
183,0.559517, 0.898232
184,0.983206, 0.734958
185,0.967590, 0.898826
186,0.800530, 0.695885
187,0.999705, 0.697370
188,0.681497, 0.833903
189,0.999411, 0.700639
190,0.845905, 0.803595
192,0.995875, 0.728866
193,0.640542, 0.827366
194,0.652917, 0.947556
195,0.940483, 0.581192
196,0.670301, 0.859011
197,0.825575, 0.818898
198,0.481438, 0.889021
200,0.997643, 0.797801
201,0.777254, 0.701233
202,0.978197, 0.690685
203,0.999705, 0.766157
204,0.607543, 0.886792
206,0.661756, 0.834794
207,0.667060, 0.877433
208,0.970536, 0.571980
209,0.989982, 0.825732
210,0.806128, 0.782796
211,0.995875, 0.704204
212,0.712139, 0.777893
213,0.780200, 0.927054
214,0.863583, 0.864062
215,0.445492, 0.953053
216,0.952858, 0.927648
217,0.659988, 0.827812
219,0.998821, 0.484921
220,0.867413, 0.744912
221,0.631114, 0.899866
223,0.532999, 0.936414
224,0.907189, 0.810726
225,0.903948, 0.691131
226,1.000000, 0.759768
227,0.999116, 0.772545
228,0.999705, 0.668846
229,0.983795, 0.941613
230,1.000000, 0.771356
231,0.874484, 0.748626
232,0.804361, 0.729461
233,0.991456, 0.673005
234,0.823217, 0.858862
235,0.678256, 0.956470
236,1.000000, 0.730798
237,1.000000, 0.685485
238,0.740424, 0.823206
239,0.633176, 0.911009
241,0.549794, 0.944288
242,0.661167, 0.904472
243,0.985563, 0.863319
245,0.873011, 0.790373
246,0.981732, 0.916951
247,0.783736, 0.809687
249,1.000000, 0.748923
250,0.780200, 0.836131
251,0.979965, 0.417026
252,0.663819, 0.940425
253,0.843842, 0.884118
254,0.829994, 0.918734
256,0.987920, 0.773733
257,0.713023, 0.887981
258,0.998821, 0.685188
259,0.963465, 0.501709
261,0.847378, 0.906997
262,0.997938, 0.631853
263,0.683559, 0.911752
264,0.984679, 0.894072
267,0.727166, 0.880998
268,0.431349, 0.926608
269,0.950501, 0.860793
270,0.970242, 0.851731
271,0.808191, 0.946368
272,0.824396, 0.767791
273,0.970536, 0.929728
274,0.425457, 0.974447
275,0.999705, 0.705096
276,0.692104, 0.907592
277,0.704773, 0.896746
278,0.680318, 0.919328
279,0.621980, 0.848908
280,0.278138, 0.948745
282,0.997643, 0.758728
283,0.967590, 0.788442
284,0.975250, 0.776853
285,0.669122, 0.921854
286,0.988509, 0.663794
287,0.998821, 0.806269
288,0.664408, 0.873719
289,0.975545, 0.784430
290,0.982911, 0.653840
292,0.752210, 0.777448
293,1.000000, 0.697668
294,0.635828, 0.895558
296,0.876841, 0.855148
297,1.000000, 0.434259
299,0.774013, 0.896449
300,0.626400, 0.936265
301,0.527107, 0.839400
304,0.689157, 0.849799
305,0.988214, 0.864805
308,0.891868, 0.733472
309,0.682086, 0.934037
310,0.635533, 0.960927
311,0.579258, 0.925271
312,0.997938, 0.636755
314,0.832351, 0.832863
315,0.993223, 0.890507
317,0.999705, 0.680582
318,0.991161, 0.635121
319,1.000000, 0.848314
320,0.971126, 0.922894
322,0.802887, 0.826177
323,0.972893, 0.759174
324,0.463465, 0.927351
325,0.654979, 0.950527
326,0.615793, 0.896301
327,0.819093, 0.718615
328,0.632882, 0.903878
330,0.712434, 0.939236
331,0.964643, 0.902689
332,0.990866, 0.636904
333,0.531526, 0.906106
334,0.691809, 0.810429
335,0.998232, 0.690685
336,0.599293, 0.832863
337,0.629935, 0.943842
338,0.997938, 0.749220
339,0.961697, 0.900163
341,0.930466, 0.759174
342,0.993223, 0.902986
343,0.727460, 0.917991
344,0.639953, 0.938048
345,0.997938, 0.797504
346,0.999411, 0.720695
347,0.838833, 0.900461
348,0.677666, 0.939534
349,0.865056, 0.869707
350,0.734237, 0.718021
351,0.632292, 0.938494
352,0.851797, 0.855148
353,0.531821, 0.854999
355,0.999116, 0.690239
356,0.754862, 0.956916
358,0.989982, 0.827960
359,0.826458, 0.878324
360,0.966411, 0.930174
361,0.637890, 0.914574
362,0.997054, 0.684148
363,0.999411, 0.894369
364,0.999705, 0.686822
365,0.969652, 0.826623
366,0.830583, 0.857376
367,0.942546, 0.676423
368,0.952269, 0.785767
370,0.999411, 0.820680
372,0.748379, 0.915317
373,0.995580, 0.495766
374,0.593989, 0.946665
375,0.999116, 0.755311
376,0.995286, 0.796464
377,0.940189, 0.774922
378,0.845610, 0.890358
380,0.644372, 0.950379
382,0.969358, 0.930174
383,0.973188, 0.879067
385,0.988804, 0.854554
388,0.791397, 0.959293
389,0.999411, 0.931511
391,0.883913, 0.936859
392,0.998232, 0.681771
393,0.972599, 0.786956
394,0.928108, 0.927202
397,0.660283, 0.936711
398,0.880082, 0.829892
399,0.998232, 0.945625
400,0.994402, 0.912643
401,0.828226, 0.915911
403,0.684738, 0.941019
404,0.938715, 0.763037
405,0.691809, 0.941762
406,0.997643, 0.554004
407,0.703595, 0.899866
408,0.784620, 0.849057
409,0.999411, 0.692468
410,0.941662, 0.743575
412,0.762817, 0.943693
413,0.940778, 0.746249
414,0.692988, 0.957956
415,0.990277, 0.916803
416,0.764585, 0.957213
417,0.999411, 0.715941
418,0.631114, 0.899272
419,0.720389, 0.938196
420,0.654685, 0.953944
421,0.685916, 0.920814
422,0.975545, 0.677908
423,1.000000, 0.475709
424,0.796700, 0.810578
425,0.716559, 0.880107
426,0.891868, 0.792007
428,0.803477, 0.899569
429,0.804361, 0.958253
430,0.609311, 0.959590
431,0.893636, 0.905809
432,0.817325, 0.958847
433,0.852681, 0.925717
434,0.867708, 0.864805
435,0.944608, 0.944882
436,0.980554, 0.805081
437,0.762817, 0.881593
440,0.994697, 0.612093
441,0.628167, 0.956619
442,0.999411, 0.816818
443,0.999705, 0.783242
445,0.824101, 0.833309
446,0.826164, 0.900312
447,0.567472, 0.967464
448,0.998232, 0.829000
450,0.998232, 0.819640
451,0.860047, 0.813104
452,0.728933, 0.951122
453,0.999411, 0.546427
455,0.999411, 0.762145
458,0.999411, 0.654880
459,0.708898, 0.952607
460,0.983206, 0.755608
461,0.739246, 0.964344
463,0.997348, 0.714456
464,0.772834, 0.852028
465,0.989982, 0.867330
466,1.000000, 0.808647
467,0.678845, 0.965533
468,0.972893, 0.801664
469,0.988509, 0.929580
470,0.997054, 0.760957
471,0.812905, 0.950676
473,0.496464, 0.938345
474,0.992045, 0.943693
475,0.634649, 0.962264
476,0.998821, 0.729758
477,0.935474, 0.921408
480,0.617855, 0.931808
483,0.999411, 0.832863
484,0.998821, 0.854554
485,0.931939, 0.799138
486,1.000000, 0.509285
487,0.930760, 0.813995
488,0.974072, 0.720992
489,0.980849, 0.814144
491,0.999116, 0.757540
492,0.824396, 0.812658
493,0.860342, 0.967464
494,1.000000, 0.664389
496,0.999705, 0.797653
497,0.760165, 0.957064
498,0.588981, 0.933145
500,0.742487, 0.886198
501,0.739835, 0.934631
502,0.998821, 0.714604
503,0.954626, 0.917100
504,0.631703, 0.810875
505,0.999705, 0.732729
506,0.712434, 0.886495
508,0.641721, 0.972218
509,0.739835, 0.792453
510,0.998232, 0.798544
511,0.988804, 0.712821
512,0.986447, 0.669737
513,0.983795, 0.681474
514,0.786093, 0.935374
515,0.844431, 0.860942
516,1.000000, 0.520576
517,0.635239, 0.971475
518,0.998527, 0.594414
519,0.984679, 0.692468
520,0.963465, 0.854256
522,0.999705, 0.779082
523,1.000000, 0.693953
524,0.748969, 0.950379
525,0.693872, 0.961373
526,0.661167, 0.937156
527,0.918680, 0.937751
528,0.853565, 0.774773
530,0.998527, 0.816075
532,0.965233, 0.961521
533,0.631703, 0.946070
534,0.994697, 0.822909
535,0.642310, 0.945476
536,0.998527, 0.796613
537,0.905716, 0.951865
538,0.999116, 0.789779
539,0.608427, 0.961967
540,0.656158, 0.861388
541,0.857395, 0.898232
542,0.723041, 0.916209
543,0.809075, 0.850394
545,0.609605, 0.814738
546,0.980259, 0.864508
547,0.857395, 0.968653
548,0.996464, 0.806269
550,0.991161, 0.892141
551,0.683265, 0.934928
552,0.812905, 0.868816
553,0.999116, 0.738672
554,0.835592, 0.955282
556,0.998232, 0.727529
557,0.728933, 0.954984
558,0.781379, 0.895409
559,0.992045, 0.914277
560,0.815262, 0.921260
562,0.920448, 0.955282
563,0.819387, 0.796018
564,0.939894, 0.891249
565,0.999116, 0.776259
566,0.996170, 0.943248
567,0.998821, 0.684594
568,0.730701, 0.951122
569,0.690925, 0.886050
570,0.980849, 0.826177
571,0.997938, 0.680731
572,0.940189, 0.921854
573,0.980554, 0.880553
574,0.559222, 0.962116
575,0.741897, 0.945922
576,0.998527, 0.730501
577,0.827932, 0.946070
578,0.873895, 0.889912
579,0.674720, 0.963601
580,0.765763, 0.755757
581,0.728049, 0.902838
583,1.000000, 0.791710
584,0.976724, 0.866142
585,0.953447, 0.809687
586,0.999116, 0.947556
588,0.787272, 0.919180
589,0.702711, 0.915466
590,0.736889, 0.930025
591,0.997054, 0.740455
592,0.710666, 0.841628
593,0.910430, 0.896301
594,0.748379, 0.957659
595,0.812316, 0.936414
596,0.914260, 0.901352
597,0.970242, 0.934482
600,1.000000, 0.644035
601,0.890100, 0.883375
602,0.937242, 0.822612
603,0.817030, 0.852028
604,0.993813, 0.937454
605,0.959340, 0.965087
606,1.000000, 0.931808
607,0.695050, 0.887832
608,0.758692, 0.962413
609,1.000000, 0.649086
610,0.928992, 0.803892
611,0.670595, 0.945922
612,1.000000, 0.709701
613,0.957278, 0.912346
614,0.809959, 0.934631
616,1.000000, 0.822760
617,0.796995, 0.907443
619,0.871538, 0.971475
620,0.962876, 0.878176
621,0.999411, 0.595454
622,0.774602, 0.942208
623,0.983795, 0.850394
624,0.746906, 0.941019
625,0.899234, 0.874313
627,0.985268, 0.814589
628,0.999705, 0.776853
629,1.000000, 0.843114
630,0.535357, 0.925568
631,0.654979, 0.922597
632,0.842958, 0.847125
633,0.795522, 0.923785
636,0.934296, 0.881147
637,0.938715, 0.949636
640,0.851797, 0.908929
642,0.894520, 0.935374
643,0.969063, 0.872827
644,0.997054, 0.825583
645,0.928403, 0.957807
646,0.975840, 0.784727
647,0.896288, 0.859456
649,0.718326, 0.939385
650,0.756335, 0.879958
651,0.993813, 0.779825
652,0.860636, 0.947853
654,0.750147, 0.952756
655,0.989688, 0.809835
656,0.862994, 0.954242
658,0.728933, 0.902095
661,0.724808, 0.971178
662,0.968768, 0.920666
663,1.000000, 0.803298
664,0.920448, 0.942356
665,0.999411, 0.859308
666,0.999705, 0.659932
667,0.999116, 0.739415
668,0.789039, 0.881890
669,0.761049, 0.942802
670,0.706541, 0.963304
672,0.970831, 0.918289
673,0.759870, 0.924231
674,0.821744, 0.952607
675,0.998821, 0.741049
676,0.724219, 0.948447
677,0.995875, 0.764968
679,0.764585, 0.935522
680,0.958456, 0.956321
681,0.975840, 0.356856
683,0.798173, 0.888278
684,0.963170, 0.848314
685,0.845610, 0.959144
686,1.000000, 0.713416
687,0.739835, 0.880404
688,0.925751, 0.930322
689,0.894225, 0.967464
690,0.998232, 0.773139
691,0.857395, 0.895558
692,0.948144, 0.923340
694,0.997054, 0.642847
695,0.999411, 0.696628
696,0.894520, 0.967464
697,0.997348, 0.760065
698,0.819976, 0.879067
699,0.996464, 0.830783
700,0.873011, 0.885158
701,1.000000, 0.826772
702,0.999116, 0.780270
703,0.999705, 0.613876
705,0.633176, 0.922448
706,0.989098, 0.920963
707,0.983500, 0.887090
708,0.997643, 0.761105
709,0.800530, 0.903878
710,0.783441, 0.969395
711,0.716559, 0.952756
712,0.998232, 0.842965
715,0.870654, 0.885307
716,0.999411, 0.763334
719,0.789334, 0.964938
720,0.999705, 0.726044
721,0.830878, 0.922746
722,0.758397, 0.962264
723,1.000000, 0.734809
724,0.997938, 0.488338
726,1.000000, 0.680880
727,0.830583, 0.923934
728,0.999705, 0.783687
729,0.997348, 0.861833
730,1.000000, 0.969841
731,0.999705, 0.905660
732,1.000000, 0.836131
733,1.000000, 0.721884
734,0.999411, 0.749220
735,0.642310, 0.964641
736,0.806423, 0.953350
737,0.997643, 0.862725
738,0.997938, 0.819343
739,0.730996, 0.928540
740,0.932823, 0.945030
742,0.905127, 0.948447
744,0.704184, 0.974149
745,0.968474, 0.744020
746,0.731585, 0.955876
747,1.000000, 0.942951
748,0.847672, 0.964047
750,0.755156, 0.934779
751,0.831467, 0.850542
753,0.767531, 0.967018
755,0.926635, 0.953350
756,0.946965, 0.950527
757,0.991161, 0.950230
758,0.984973, 0.876096
760,0.909841, 0.910117
761,0.778138, 0.924974
762,0.999705, 0.771505
763,0.834119, 0.954539
764,0.764290, 0.954242
765,0.894225, 0.852771
766,0.837949, 0.939088
767,0.997938, 0.911157
768,0.763995, 0.947408
770,0.745138, 0.924528
771,0.832646, 0.914129
772,0.999116, 0.857822
773,1.000000, 0.494726
774,0.982322, 0.943099
775,0.998527, 0.882484
776,0.998527, 0.736740
777,1.000000, 0.681919
778,0.713907, 0.902838
779,0.982616, 0.785025
780,0.885681, 0.928391
781,0.797584, 0.968504
783,0.990277, 0.863616
785,0.987331, 0.881444
786,1.000000, 0.731392
787,1.000000, 0.753826
788,0.983795, 0.937008
789,0.887743, 0.910266
790,1.000000, 0.770762
791,0.822923, 0.954984
792,0.789334, 0.972664
793,0.966411, 0.938642
794,0.745433, 0.810875
795,0.996464, 0.970435
796,0.886859, 0.959144
797,0.983795, 0.937751
798,0.881556, 0.917694
799,0.897466, 0.880850
801,0.987331, 0.931214
802,0.995875, 0.816966
804,0.999116, 0.839251
807,0.783441, 0.939534
808,0.777549, 0.968653
810,0.977608, 0.825880
811,0.984679, 0.845045
812,0.859163, 0.852325
813,0.998527, 0.850839
814,0.694461, 0.962858
815,0.875368, 0.912940
816,0.935474, 0.895409
817,0.959929, 0.890952
821,0.999411, 0.841480
823,0.992634, 0.976081
824,0.852092, 0.931362
825,0.931644, 0.859308
826,0.860636, 0.941911
827,0.785504, 0.968950
828,0.910725, 0.960184
829,0.797584, 0.947110
830,0.867708, 0.970732
831,0.990572, 0.822909
832,0.919564, 0.975189
833,0.832646, 0.957064
834,0.907778, 0.963156
836,0.999116, 0.865845
837,0.997348, 0.852325
838,0.999411, 0.837914
839,1.000000, 0.690833
841,0.896582, 0.944139
842,0.999705, 0.775219
843,0.830583, 0.975338
844,0.750737, 0.963304
845,0.820271, 0.959739
846,0.920742, 0.929431
848,0.999705, 0.809092
849,0.786093, 0.972367
850,1.000000, 0.850245
852,0.997054, 0.782350
853,1.000000, 0.923488
854,0.996759, 0.912792
855,0.827048, 0.947408
856,0.795522, 0.964790
857,0.986447, 0.897341
858,0.659988, 0.969990
859,0.997938, 0.915317
860,0.987920, 0.947853
861,0.910136, 0.963898
862,0.800825, 0.911454
863,0.994107, 0.966275
865,1.000000, 0.779082
866,0.921626, 0.965830
867,0.993813, 0.737632
868,0.759281, 0.975635
869,0.840012, 0.854108
870,0.983795, 0.793938
871,0.995286, 0.958104
872,0.999116, 0.911009
873,0.981732, 0.973555
874,0.909546, 0.913386
875,0.762227, 0.954093
876,0.997054, 0.885455
878,0.999411, 0.850097
879,0.758986, 0.930322
880,0.991161, 0.945922
881,0.898645, 0.928688
882,0.738067, 0.974892
883,0.943430, 0.953796
884,0.993223, 0.877433
885,0.999705, 0.849948
886,0.986741, 0.929282
887,0.996170, 0.927054
888,0.999116, 0.817858
889,1.000000, 0.724112
890,1.000000, 0.838508
891,1.000000, 0.949785
892,0.697996, 0.966424
893,0.998232, 0.812212
894,1.000000, 0.856931
895,0.825280, 0.947556
897,0.994402, 0.898975
899,0.899234, 0.938939
900,0.806128, 0.902689
901,1.000000, 0.855891
902,0.700648, 0.961224
903,0.997054, 0.927500
905,0.990277, 0.923340
906,0.995286, 0.867330
907,0.997348, 0.864359
908,0.912787, 0.949636
910,0.847967, 0.969098
911,0.956983, 0.775962
912,0.998527, 0.788144
914,0.996464, 0.795573
915,1.000000, 0.825732
916,0.999705, 0.806864
917,0.731291, 0.905512
918,0.868592, 0.980389
919,1.000000, 0.976081
920,0.995286, 0.828852
921,0.767236, 0.947705
922,0.993813, 0.863022
923,0.890100, 0.966424
924,0.944019, 0.922300
925,0.999705, 0.743129
926,0.829994, 0.962413
927,0.744255, 0.967018
930,1.000000, 0.936414
931,0.995875, 0.826772
933,0.848851, 0.906997
935,0.771656, 0.978012
936,0.999116, 0.749666
937,0.909841, 0.919477
938,0.860931, 0.948150
939,0.953447, 0.924974
940,0.999411, 0.787253
941,0.993813, 0.897192
942,0.999411, 0.872827
943,0.989098, 0.867033
944,0.984384, 0.954093
945,0.876841, 0.976527
948,0.901591, 0.908335
949,0.868002, 0.963601
950,0.966411, 0.961224
951,0.993223, 0.873421
952,1.000000, 0.789333
953,0.994402, 0.827663
954,0.852976, 0.973852
955,0.988214, 0.931808
956,0.996170, 0.842371
957,0.822334, 0.974298
959,0.972304, 0.941911
964,0.999705, 0.850394
965,0.903359, 0.971475
966,0.757219, 0.980389
967,0.978491, 0.938642
968,0.962581, 0.956024
970,0.833824, 0.975635
971,0.959635, 0.946219
972,0.814378, 0.877878
973,0.836181, 0.958104
974,0.890100, 0.948893
975,0.962581, 0.961967
976,0.912198, 0.863468
977,0.806423, 0.952756
978,0.864467, 0.980389
980,0.998527, 0.916209
981,0.999411, 0.859902
982,0.996170, 0.811618
983,1.000000, 0.773882
985,0.809369, 0.976527
986,0.883029, 0.948745
987,0.836771, 0.982469
988,0.854744, 0.929728
989,0.866824, 0.971327
991,0.765174, 0.907592
992,0.962581, 0.956619
993,0.799941, 0.934631
995,0.997938, 0.907443
996,1.000000, 0.756351
997,1.000000, 0.793047
999,1.000000, 0.842371
1000,0.818209, 0.944288
1002,0.942251, 0.844302
1003,0.999411, 0.868519
1005,0.999705, 0.775516
1006,0.998527, 0.860348
1008,0.835592, 0.911603
1009,0.999411, 0.873273
1010,0.985857, 0.955430
1011,0.931939, 0.972664
1012,0.731585, 0.976081
1013,0.993518, 0.914574
1014,0.997643, 0.977418
1015,0.999705, 0.838508
1016,0.950206, 0.944585
1017,0.824396, 0.964196
1018,0.873600, 0.896004
1019,1.000000, 0.887684
1020,0.924867, 0.964344
1021,0.745138, 0.919031
1022,0.793164, 0.956767
1023,0.902180, 0.956470
1024,0.964349, 0.859308
1025,0.998527, 0.823503
1026,1.000000, 0.881444
1027,1.000000, 0.830486
1029,0.967590, 0.836280
1030,0.792575, 0.969098
1031,0.980849, 0.906106
1032,0.870065, 0.944585
1033,0.995286, 0.970138
1034,0.939010, 0.857079
1035,0.937537, 0.933294
1037,0.999705, 0.708810
1038,0.972009, 0.948447
1039,0.998821, 0.874907
1040,0.861226, 0.967613
1041,0.993518, 0.905958
1042,0.722746, 0.982915
1043,0.828816, 0.958699
1044,0.969652, 0.922597
1045,0.999705, 0.833606
1046,0.990572, 0.848611
1047,1.000000, 0.763780
1048,0.824985, 0.939831
1049,0.822334, 0.985143
1051,0.888038, 0.937008
1052,0.773424, 0.968950
1053,0.888627, 0.902243
1054,0.789629, 0.941911
1056,0.999705, 0.843411
1059,0.819093, 0.949933
1060,0.807602, 0.979944
1063,0.993813, 0.876541
1064,1.000000, 0.806121
1065,0.824396, 0.986629
1066,1.000000, 0.856336
1067,0.999411, 0.885307
1068,0.873306, 0.867627
1070,0.997054, 0.931808
1071,0.889216, 0.968355
1072,1.000000, 0.863616
1073,0.888627, 0.916951
1074,0.893636, 0.977566
1075,0.976724, 0.933888
1077,0.938715, 0.962561
1078,0.985857, 0.970881
1079,0.999411, 0.789184
1080,1.000000, 0.858713
1081,0.936358, 0.880553
1083,0.993518, 0.901203
1084,0.997938, 0.964047
1085,0.999705, 0.849057
1086,0.800236, 0.957361
1087,0.997054, 0.891398
1088,1.000000, 0.810429
1089,0.999705, 0.753380
1092,1.000000, 0.870450
1093,0.998527, 0.877284
1094,1.000000, 0.882781
1095,0.996759, 0.920814
1096,0.955804, 0.953944
1097,1.000000, 0.770614
1099,0.858279, 0.934185
1100,0.953742, 0.956767
1101,0.857395, 0.973555
1102,0.946081, 0.943693
1103,0.991750, 0.930620
1104,0.999705, 0.838806
1105,0.994991, 0.972218
1106,0.999705, 0.884564
1107,0.924867, 0.934334
1108,0.814084, 0.949042
1111,0.999705, 0.841480
1112,1.000000, 0.868073
1113,0.999116, 0.905215
1114,0.959045, 0.954687
1115,0.951385, 0.939385
1116,0.986152, 0.910266
1117,0.814378, 0.971624
1118,0.811727, 0.964047
1119,0.748674, 0.972961
1120,0.808780, 0.970287
1121,0.973483, 0.932997
1122,0.999411, 0.811024
1123,0.999705, 0.889467
1124,1.000000, 0.910117
1125,0.882145, 0.886644
1126,1.000000, 0.822018
1127,0.819093, 0.955282
1129,0.806128, 0.983806
1131,1.000000, 0.873719
1132,0.872127, 0.951567
1133,0.828226, 0.976081
1134,0.933412, 0.980389
1135,0.995875, 0.913089
1136,0.999705, 0.784876
1137,0.884502, 0.928242
1139,0.999705, 0.844748
1142,0.998527, 0.809687
1143,0.999116, 0.980092
1144,0.926046, 0.947853
1145,0.800825, 0.896746
1146,0.880966, 0.966721
1147,0.975250, 0.902540
1148,0.787861, 0.989749
1149,0.959635, 0.968801
1151,0.995580, 0.825286
1152,0.991750, 0.895558
1153,0.874484, 0.916951
1154,0.997938, 0.687862
1155,0.972009, 0.919626
1156,0.999705, 0.789036
1157,0.837360, 0.985589
1158,0.854449, 0.943842
1159,0.985857, 0.892884
1160,1.000000, 0.926163
1161,0.992634, 0.758877
1162,0.999705, 0.877433
1164,0.771361, 0.966424
1165,0.891868, 0.964196
1166,0.890395, 0.970881
1167,0.987625, 0.917991
1168,0.978491, 0.907740
1169,1.000000, 0.924528
1170,0.977902, 0.847125
1171,0.902475, 0.976972
1172,0.998232, 0.896895
1173,0.785504, 0.974447
1174,0.914850, 0.975189
1175,0.855628, 0.941168
1176,0.811727, 0.968504
1177,0.989393, 0.974447
1178,0.946965, 0.867925
1180,0.875663, 0.980389
1181,1.000000, 0.917397
1182,0.982027, 0.937454
1183,0.873895, 0.955430
1186,1.000000, 0.823355
1187,0.781379, 0.980686
1188,1.000000, 0.891101
1189,0.999411, 0.822463
1190,1.000000, 0.877581
1191,0.939599, 0.934482
1192,0.999411, 0.868816
1193,0.878609, 0.981429
1194,1.000000, 0.844748
1195,0.878609, 0.981726
1199,1.000000, 0.911306
1200,0.885975, 0.942356
1201,0.884502, 0.963750
1202,0.970831, 0.891249
1203,0.874190, 0.918883
1204,0.994402, 0.980686
1205,0.998232, 0.856782
1206,0.977018, 0.941762
1207,0.896877, 0.984995
1208,0.994402, 0.841925
1209,1.000000, 0.895558
1210,0.798763, 0.986183
1211,0.999705, 0.780865
1212,0.958161, 0.978161
1213,0.983500, 0.947110
1214,1.000000, 0.844302
1217,1.000000, 0.668103
1218,0.999411, 0.750854
1219,0.999116, 0.764225
1221,0.864467, 0.987966
1222,0.870949, 0.972218
1223,0.823807, 0.987075
1224,0.972009, 0.978012
1225,0.999705, 0.898232
1226,0.937831, 0.914426
1228,0.818209, 0.983806
1229,0.959340, 0.972515
1231,0.902770, 0.977269
1232,0.998527, 0.904472
1233,0.999116, 0.917843
1234,0.993518, 0.967910
1235,0.853270, 0.927797
1236,1.000000, 0.880701
1237,0.834414, 0.986629
1238,0.865351, 0.975487
1239,0.999411, 0.886198
1240,0.997643, 0.887684
1241,0.994107, 0.880850
1242,0.998821, 0.964641
1243,0.761638, 0.979498
1244,0.865056, 0.954390
1245,1.000000, 0.875056
1246,0.989688, 0.927351
1247,1.000000, 0.804932
1248,0.968474, 0.962561
1250,0.911609, 0.950082
1251,0.947849, 0.907740
1253,0.999116, 0.866587
1254,0.906305, 0.943396
1255,0.996759, 0.927351
1256,0.874779, 0.917991
1257,0.855922, 0.951865
1258,0.977608, 0.955876
1259,0.915439, 0.976527
1262,0.977608, 0.940573
1263,0.998527, 0.897786
1264,0.918680, 0.979498
1266,0.999705, 0.705244
1267,0.824985, 0.988412
1268,0.847967, 0.982172
1269,0.997348, 0.908335
1270,0.987625, 0.941019
1271,0.972893, 0.891992
1272,0.952563, 0.918734
1273,0.922510, 0.962858
1275,0.823512, 0.958699
1276,0.999116, 0.871490
1277,0.915144, 0.973555
1278,0.989688, 0.914723
1279,0.995286, 0.916506
1280,0.999411, 0.884564
1281,0.841485, 0.962710
1282,0.944903, 0.883524
1283,0.846199, 0.972218
1285,1.000000, 0.823206
1286,0.958751, 0.951567
1287,0.997938, 0.906403
1288,0.903359, 0.978606
1291,0.999116, 0.869410
1293,0.999705, 0.965830
1294,0.997643, 0.860793
1296,0.898055, 0.976675
1297,0.870949, 0.973258
1298,0.878315, 0.964641
1300,0.914850, 0.959293
1302,0.882145, 0.983361
1303,0.864467, 0.968207
1304,1.000000, 0.917694
1306,0.999705, 0.921706
1307,0.992929, 0.951567
1309,0.984090, 0.965235
1310,0.970242, 0.952904
1311,0.999705, 0.861239
1313,0.997938, 0.889764
1315,0.756040, 0.992275
1316,0.918680, 0.973704
1317,0.967295, 0.880404
1318,0.829699, 0.978904
1319,0.868886, 0.980241
1321,0.999705, 0.851582
1322,0.995286, 0.976527
1323,0.987625, 0.971178
1324,0.842958, 0.969544
1325,0.997643, 0.918289
1327,0.998821, 0.901798
1328,0.996759, 0.883673
1329,0.999705, 0.919328
1331,0.996759, 0.885752
1332,0.999705, 0.914574
1333,0.999116, 0.835686
1334,0.865645, 0.939088
1335,0.967590, 0.866736
1336,0.855333, 0.942208
1337,0.903948, 0.991086
1339,1.000000, 0.902243
1340,0.999705, 0.919180
1341,0.898645, 0.978161
1342,0.993518, 0.959590
1343,0.965822, 0.963750
1344,0.869181, 0.968355
1345,0.882440, 0.976081
1346,0.938421, 0.942951
1347,0.978491, 0.826772
1350,0.911019, 0.982469
1351,0.824691, 0.961076
1353,1.000000, 0.806715
1354,0.976724, 0.970584
1355,0.999411, 0.936265
1356,1.000000, 0.912940
1357,0.993223, 0.956470
1358,0.998527, 0.909523
1359,0.825575, 0.958253
1360,0.999705, 0.868667
1363,0.980259, 0.955579
1364,0.890100, 0.978755
1365,0.830878, 0.950082
1368,0.997054, 0.898232
1370,0.975250, 0.981429
1372,0.999116, 0.923191
1374,0.995580, 0.951270
1375,1.000000, 0.922003
1377,0.958456, 0.898381
1379,0.998821, 0.925568
1380,0.999705, 0.940871
1381,0.999705, 0.902689
1382,0.999705, 0.913534
1383,0.882145, 0.970435
1384,0.999116, 0.889318
1385,0.929582, 0.932105
1386,0.999411, 0.863468
1388,0.997054, 0.905363
1389,0.879199, 0.966127
1390,0.907484, 0.979944
1391,1.000000, 0.879661
1393,0.872717, 0.965533
1394,0.898645, 0.988709
1397,0.873895, 0.982766
1398,0.867118, 0.983658
1400,0.932528, 0.945922
1401,0.998232, 0.973704
1402,0.998232, 0.899569
1403,0.998821, 0.911306
1405,0.999411, 0.914426
1406,1.000000, 0.847720
1407,1.000000, 0.906700
1409,0.899823, 0.962413
1410,0.929287, 0.975635
1413,0.920448, 0.914426
1414,0.909252, 0.972070
1416,0.993813, 0.944288
1417,0.966706, 0.926014
1418,0.996759, 0.894666
1419,0.987036, 0.934631
1420,0.866235, 0.965533
1421,0.945197, 0.942208
1423,0.999705, 0.872679
1425,0.938715, 0.923191
1426,0.932528, 0.976675
1427,0.821744, 0.990343
1429,0.930171, 0.953647
1432,0.998821, 0.969990
1434,0.946376, 0.928540
1435,0.999411, 0.882038
1436,0.900118, 0.941316
1437,0.840601, 0.971921
1438,0.947849, 0.969247
1439,0.906600, 0.941613
1440,0.896877, 0.985292
1441,0.999705, 0.943693
1442,0.942840, 0.975041
1443,0.997938, 0.864062
1445,0.999411, 0.886644
1447,0.897466, 0.989749
1448,0.997348, 0.925717
1449,0.990866, 0.906700
1450,0.998232, 0.943990
1451,0.999411, 0.900461
1452,0.999705, 0.935819
1453,0.851797, 0.981132
1454,0.854744, 0.976229
1455,1.000000, 0.924825
1459,0.992929, 0.968653
1460,0.888332, 0.978904
1461,0.967001, 0.975635
1462,0.901591, 0.950527
1463,0.999411, 0.891547
1464,0.994697, 0.933739
1465,0.994107, 0.924380
1466,0.985563, 0.938196
1467,0.868297, 0.937305
1469,0.999705, 0.833309
1471,0.989098, 0.894666
1472,1.000000, 0.925420
1474,0.879493, 0.975041
1475,0.998232, 0.936414
1476,0.999411, 0.968207
1477,0.939010, 0.988263
1479,0.996464, 0.955430
1480,0.963760, 0.956321
1481,0.964643, 0.951865
1482,0.997348, 0.978309
1483,0.944608, 0.901501
1484,0.832646, 0.984401
1485,0.864467, 0.957956
1486,0.994697, 0.911603
1487,0.999411, 0.914277
1488,0.893047, 0.974001
1489,0.933707, 0.956619
1490,1.000000, 0.846085
1491,0.913966, 0.983063
1492,1.000000, 0.907295
1493,0.923984, 0.985738
1494,0.914850, 0.982321
1495,0.921626, 0.982469
1496,1.000000, 0.845342
1497,1.000000, 0.864805
1500,0.995580, 0.926014
1501,0.893341, 0.957064
1502,0.999705, 0.916357
1504,1.000000, 0.867182
1506,0.898350, 0.984549
1507,0.989982, 0.934928
1508,0.972599, 0.941316
1509,0.943724, 0.956173
1512,0.902475, 0.977566
1513,1.000000, 0.833754
1515,0.956394, 0.968355
1518,0.997938, 0.917397
1519,0.963170, 0.946962
1521,0.999705, 0.948002
1522,0.922510, 0.935968
1523,0.888922, 0.979349
1526,1.000000, 0.925123
1527,0.999705, 0.906849
1529,0.928403, 0.981281
1530,0.898055, 0.969247
1531,0.952858, 0.929282
1533,0.999116, 0.941465
1534,1.000000, 0.899421
1536,0.900412, 0.991532
1537,1.000000, 0.811766
1538,0.999116, 0.930768
1539,0.942251, 0.930471
1540,0.964054, 0.944288
1541,1.000000, 0.916060
1542,1.000000, 0.894072
1543,0.911903, 0.952904
1545,0.986741, 0.950825
1546,0.965233, 0.948596
1548,0.922805, 0.954242
1549,0.997054, 0.857822
1550,0.899234, 0.928094
1551,0.957278, 0.983955
1552,1.000000, 0.834794
1554,0.882145, 0.988412
1555,0.999116, 0.838806
1556,0.921626, 0.978161
1558,0.965822, 0.968950
1559,0.977608, 0.960333
1560,0.977902, 0.976378
1561,0.956394, 0.932105
1562,0.878315, 0.980984
1563,0.968179, 0.979201
1564,0.904243, 0.981281
1566,0.988214, 0.976378
1567,0.984090, 0.959590
1569,0.836476, 0.989006
1571,0.999411, 0.952310
1572,1.000000, 0.866142
1574,0.994402, 0.943842
1575,0.915144, 0.984549
1577,1.000000, 0.922746
1578,0.952563, 0.946219
1579,0.999411, 0.920368
1580,0.999411, 0.894815
1581,0.989393, 0.978012
1582,0.990572, 0.925271
1584,0.980554, 0.953499
1585,0.979670, 0.961076
1586,0.923394, 0.980984
1587,0.938126, 0.961818
1588,0.882440, 0.990789
1589,0.830583, 0.989897
1590,0.930171, 0.926163
1592,0.930760, 0.975784
1594,0.989393, 0.947705
1596,0.884797, 0.987966
1598,0.941662, 0.963304
1599,0.951974, 0.958401
1600,0.952563, 0.937751
1602,0.999116, 0.970584
1603,0.977902, 0.943693
1604,0.957278, 0.981578
1606,0.919269, 0.971475
1607,0.869770, 0.988858
1609,0.928403, 0.957510
1610,0.937242, 0.949933
1611,1.000000, 0.904175
1612,0.998821, 0.900312
1613,0.992045, 0.921111
1614,0.942546, 0.968653
1616,1.000000, 0.893627
1617,0.926046, 0.933739
1621,0.931644, 0.972367
1622,1.000000, 0.927648
1624,0.963170, 0.985143
1625,0.936064, 0.991383
1627,0.997643, 0.916209
1628,0.910136, 0.978161
1629,0.951385, 0.956470
1630,0.893047, 0.970435
1632,0.919859, 0.986480
1635,0.999411, 0.933591
1636,0.991456, 0.939682
1637,0.923689, 0.967315
1639,0.991750, 0.980538
1641,0.928108, 0.973852
1643,0.895993, 0.979201
1644,0.903064, 0.983806
1646,0.997348, 0.934037
1647,0.959635, 0.954242
1648,0.914850, 0.989600
1649,1.000000, 0.933442
1650,0.953153, 0.973852
1651,1.000000, 0.930917
1655,0.999705, 0.937751
1656,0.964938, 0.977715
1659,1.000000, 0.916803
1660,1.000000, 0.894964
1661,0.960519, 0.963304
1662,0.923689, 0.965533
1663,0.980554, 0.937899
1664,0.913671, 0.988560
1665,0.997643, 0.964196
1666,0.905716, 0.981578
1668,0.974956, 0.940128
1671,0.955804, 0.984401
1672,0.985268, 0.924677
1673,0.892163, 0.990640
1674,1.000000, 0.932105
1675,0.871833, 0.988263
1677,0.957572, 0.979795
1678,0.992929, 0.961670
1679,0.924573, 0.984252
1680,0.998232, 0.974744
1681,1.000000, 0.969395
1682,0.929287, 0.940276
1683,0.994402, 0.973704
1684,0.972009, 0.963453
1686,0.985563, 0.960333
1688,0.918975, 0.922003
1689,0.999411, 0.893775
1690,0.955510, 0.949190
1691,0.929287, 0.990343
1694,1.000000, 0.946219
1695,0.915144, 0.989006
1696,0.964349, 0.955727
1697,1.000000, 0.978904
1698,0.994697, 0.957510
1702,0.911314, 0.962413
1703,0.883913, 0.983509
1704,0.902770, 0.984995
1706,1.000000, 0.928391
1707,0.927225, 0.987818
1708,0.998527, 0.978012
1709,0.985857, 0.943248
1710,0.999705, 0.916506
1713,0.991161, 0.949042
1714,0.947849, 0.970138
1715,0.990572, 0.967315
1717,0.943135, 0.969692
1718,0.999705, 0.988412
1719,0.993223, 0.971624
1720,0.932823, 0.984846
1721,0.893636, 0.984995
1722,0.912493, 0.961521
1723,0.997054, 0.941316
1724,0.994107, 0.950230
1726,0.999705, 0.971772
1727,1.000000, 0.944436
1728,0.941072, 0.975635
1730,0.918975, 0.963304
1732,0.932233, 0.976527
1734,0.968768, 0.972515
1735,0.940483, 0.982023
1736,0.947260, 0.988858
1737,0.946671, 0.971030
1738,0.949028, 0.989006
1743,0.939894, 0.977715
1744,0.929582, 0.980538
1745,0.964643, 0.963156
1746,0.994402, 0.990195
1747,0.935180, 0.946219
1748,0.980849, 0.981875
1749,0.999116, 0.926163
1750,0.942840, 0.984846
1751,0.999705, 0.865845
1753,0.921626, 0.960184
1754,1.000000, 0.946070
1755,0.969063, 0.924825
1757,0.974367, 0.972070
1758,0.992634, 0.983063
1759,1.000000, 0.918734
1761,0.999411, 0.937305
1762,0.948733, 0.986332
1763,0.987920, 0.981578
1764,0.999705, 0.916654
1765,0.989982, 0.974298
1766,0.972599, 0.927500
1768,0.930171, 0.988412
1769,0.930466, 0.982618
1770,0.902180, 0.987372
1772,0.939305, 0.989303
1773,0.946081, 0.988115
1774,0.995286, 0.979201
1775,1.000000, 0.950527
1777,0.999411, 0.949339
1778,0.979375, 0.969395
1780,0.945787, 0.975784
1781,0.991750, 0.937008
1782,0.999705, 0.923043
1783,0.946081, 0.954093
1785,0.952269, 0.978161
1786,0.893636, 0.983806
1787,1.000000, 0.930471
1788,0.935769, 0.967464
1791,0.981143, 0.988709
1792,0.974367, 0.964938
1794,0.999411, 0.921408
1795,0.942840, 0.994057
1796,0.954331, 0.976675
1798,0.941367, 0.970287
1799,0.937831, 0.970287
1800,0.999705, 0.956767
1801,0.975250, 0.984252
1803,0.967295, 0.942356
1804,0.987331, 0.911454
1805,0.941367, 0.984401
1806,0.898645, 0.992423
1809,0.925457, 0.991383
1811,0.946965, 0.959144
1812,0.967885, 0.980389
1817,0.975250, 0.987669
1819,1.000000, 0.956173
1820,1.000000, 0.904323
1821,0.978786, 0.988858
1823,0.996464, 0.948596
1825,0.992339, 0.966127
1826,0.999411, 0.990789
1827,0.972009, 0.979201
1831,0.944903, 0.987966
1832,1.000000, 0.919180
1834,0.951385, 0.979201
1835,1.000000, 0.941613
1836,0.973188, 0.983212
1837,1.000000, 0.940573
1838,0.952269, 0.976229
1839,0.939599, 0.985589
1840,0.995580, 0.944585
1841,1.000000, 0.919477
1842,0.935769, 0.989897
1843,0.944608, 0.978755
1844,1.000000, 0.929431
1846,0.965233, 0.982172
1849,0.990572, 0.923785
1850,0.915144, 0.990937
1853,0.965233, 0.993463
1854,0.962581, 0.991383
1855,0.997348, 0.979201
1856,1.000000, 0.958996
1857,0.963170, 0.973704
1858,0.970536, 0.979646
1860,1.000000, 0.935225
1862,0.995580, 0.963156
1863,0.996464, 0.980538
1864,1.000000, 0.954687
1865,0.981732, 0.957807
1867,0.938421, 0.982469
1868,0.974956, 0.952162
1869,1.000000, 0.943545
1870,1.000000, 0.937305
1871,0.993223, 0.975784
1872,0.919564, 0.984252
1874,1.000000, 0.979944
1877,0.978197, 0.982618
1879,0.997643, 0.990343
1880,1.000000, 0.957956
1881,0.918680, 0.986926
1882,1.000000, 0.935968
1883,1.000000, 0.935077
1884,0.970242, 0.977269
1886,0.988804, 0.913089
1887,1.000000, 0.950082
1888,0.974956, 0.987520
1889,0.985857, 0.968504
1892,0.999705, 0.982023
1893,0.999705, 0.977121
1894,0.943135, 0.992126
1897,0.985563, 0.975784
1898,0.926930, 0.977121
1901,0.957572, 0.989600
1902,0.942251, 0.983955
1904,0.998821, 0.941316
1905,0.961402, 0.979349
1906,0.955215, 0.972812
1907,0.999705, 0.935077
1908,0.951385, 0.981429
1910,0.966117, 0.970584
1911,0.995875, 0.919180
1912,0.965527, 0.987669
1913,0.982322, 0.986035
1914,0.967295, 0.970287
1915,0.998821, 0.967464
1916,0.950796, 0.986480
1919,0.999411, 0.950230
1920,0.999411, 0.937156
1921,0.960224, 0.989600
1922,0.967001, 0.946219
1923,0.967885, 0.982469
1925,0.972599, 0.982915
1926,0.961402, 0.989303
1927,0.926046, 0.994949
1928,0.994991, 0.969692
1929,0.992339, 0.933739
1930,1.000000, 0.949487
1931,0.998527, 0.981726
1932,0.912493, 0.990343
1934,0.976134, 0.995097
1935,0.997348, 0.979795
1936,1.000000, 0.932254
1938,0.952269, 0.987372
1939,0.999705, 0.959144
1941,0.997938, 0.913683
1942,1.000000, 0.928094
1946,0.958456, 0.971921
1947,0.972893, 0.977418
1948,0.969358, 0.981132
1950,0.969947, 0.987075
1951,0.969652, 0.984846
1952,0.995875, 0.924825
1953,0.994991, 0.986480
1954,0.947849, 0.991235
1956,0.951679, 0.992720
1958,0.958456, 0.987669
1960,0.997348, 0.981132
1961,0.955215, 0.984252
1962,1.000000, 0.970732
1964,0.961992, 0.993017
1965,0.953153, 0.979052
1966,0.999411, 0.960184
1967,0.950796, 0.969098
1968,0.995580, 0.934482
1969,1.000000, 0.970881
1970,0.969358, 0.988858
1972,0.999411, 0.976378
1974,0.993223, 0.959590
1975,0.988214, 0.968801
1976,0.991750, 0.956767
1977,0.950796, 0.996732
1978,1.000000, 0.964196
1979,1.000000, 0.949933
1980,0.965822, 0.984995
1982,1.000000, 0.953202
1985,0.941072, 0.976675
1987,0.982322, 0.977121
1988,1.000000, 0.951716
1989,0.935769, 0.986926
1990,0.997938, 0.950825
1991,0.923689, 0.986629
1992,0.999411, 0.983361
1993,0.990866, 0.986629
1994,0.961697, 0.967613
1996,0.942251, 0.987223
1997,0.970536, 0.996434
1999,0.964643, 0.989155
2000,0.942840, 0.985440
2001,0.946965, 0.993166
2002,1.000000, 0.957659
2003,0.963465, 0.987818
2004,0.992929, 0.988709
2011,0.999411, 0.953053
2012,0.976724, 0.980241
2013,0.971126, 0.991977
2014,0.989982, 0.986926
2015,0.992634, 0.984846
2016,0.999705, 0.876096
2018,0.998821, 0.954539
2021,0.970536, 0.964344
2022,0.961402, 0.984846
2024,0.955215, 0.978012
2025,0.985563, 0.964493
2026,0.944903, 0.984252
2027,0.972304, 0.972515
2029,0.999705, 0.915763
2030,0.999705, 0.961224
2031,0.951974, 0.991532
2032,0.961108, 0.989600
2033,0.947260, 0.992275
2035,0.967295, 0.990046
2036,0.969947, 0.986035
2037,0.999116, 0.973852
2038,0.982616, 0.990937
2039,0.998821, 0.929877
2040,0.975840, 0.971030
2042,0.997054, 0.989600
2043,0.999705, 0.990492
2045,0.962876, 0.991680
2046,0.993223, 0.982766
2049,0.999411, 0.934037
2051,0.999411, 0.958104
2052,0.954920, 0.978012
2054,0.948733, 0.993612
2056,0.982616, 0.994057
2058,0.954037, 0.988263
2059,0.999116, 0.964493
2061,0.966706, 0.991383
2062,0.967590, 0.987818
2063,0.973777, 0.971624
2064,0.952563, 0.995543
2065,0.955215, 0.990937
2066,0.970536, 0.987372
2067,0.959929, 0.993463
2069,0.989098, 0.960630
2070,0.997643, 0.976229
2072,0.931644, 0.989155
2073,0.982911, 0.990046
2075,0.997054, 0.961670
2076,0.943135, 0.982915
2077,0.955804, 0.991680
2078,1.000000, 0.934185
2079,0.999116, 0.976229
2080,0.944019, 0.991829
2081,1.000000, 0.943396
2082,1.000000, 0.975635
2083,0.961697, 0.986778
2084,0.999411, 0.941613
2086,0.999705, 0.928837
2087,0.977902, 0.987520
2088,0.991161, 0.966870
2089,0.956688, 0.974001
2090,1.000000, 0.983361
2092,1.000000, 0.916506
2093,0.997054, 0.968058
2094,1.000000, 0.958699
2097,0.926930, 0.994057
2098,0.969947, 0.994354
2100,1.000000, 0.950379
2101,0.987920, 0.987966
2102,0.994697, 0.949487
2103,0.978491, 0.992720
2106,1.000000, 0.968504
2107,0.986741, 0.987223
2110,0.981143, 0.992126
2111,0.946671, 0.992126
2113,0.998821, 0.963156
2116,1.000000, 0.953796
2117,0.971126, 0.973258
2119,0.985857, 0.976972
2120,0.964643, 0.981726
2122,0.999705, 0.960036
2123,0.946081, 0.983212
2124,0.999116, 0.957361
2126,0.972009, 0.992275
2127,0.958161, 0.995692
2130,0.999705, 0.959590
2131,0.954626, 0.990343
2132,0.981438, 0.971921
2133,0.981438, 0.993463
2135,0.974367, 0.992423
2137,0.959929, 0.991532
2138,0.938126, 0.986480
2140,0.978197, 0.982915
2142,0.969947, 0.988560
2143,1.000000, 0.971772
2144,0.999411, 0.972218
2145,1.000000, 0.948745
2146,0.969947, 0.979646
2148,0.999705, 0.916951
2149,0.944313, 0.978458
2152,0.984384, 0.988560
2153,0.997938, 0.970138
2154,0.972893, 0.995692
2155,0.993223, 0.992275
2156,0.977313, 0.989303
2157,0.999411, 0.973407
2158,0.964938, 0.993909
2159,0.984679, 0.989155
2160,0.991456, 0.980538
2161,0.989688, 0.952310
2163,0.959340, 0.969692
2165,1.000000, 0.972664
2167,0.940189, 0.978458
2169,0.979965, 0.975041
2171,0.999116, 0.948893
2172,0.985563, 0.991235
2175,0.972893, 0.981132
2177,0.961697, 0.994949
2178,1.000000, 0.915466
2180,1.000000, 0.967167
2181,0.983206, 0.966424
2182,0.963170, 0.992275
2184,0.935474, 0.992720
2185,0.942546, 0.988858
2187,1.000000, 0.981132
2188,0.979081, 0.988412
2189,1.000000, 0.980389
2190,0.967001, 0.991977
2192,0.996464, 0.923488
2196,0.995286, 0.972664
2197,1.000000, 0.954093
2200,0.995286, 0.980984
2201,0.973483, 0.982172
2203,0.954037, 0.994949
2204,0.996170, 0.975189
2205,0.996759, 0.958699
2207,0.959635, 0.986778
2212,0.966117, 0.992126
2213,0.999411, 0.956619
2214,0.998232, 0.964493
2215,0.966706, 0.990343
2217,0.984679, 0.982321
2218,0.998232, 0.983212
2220,0.987920, 0.988115
2222,1.000000, 0.981429
2223,0.948144, 0.986332
2225,1.000000, 0.964047
2227,1.000000, 0.975338
2228,0.998232, 0.979349
2229,0.965527, 0.994652
2230,0.951679, 0.994206
2233,0.971420, 0.987966
2235,0.979081, 0.994503
2237,0.997643, 0.966721
2238,0.975545, 0.994949
2239,0.999411, 0.960333
2240,0.976724, 0.979498
2241,0.997938, 0.974001
2242,0.999705, 0.973704
2243,1.000000, 0.961967
2244,0.999705, 0.961818
2245,0.999705, 0.967315
2246,0.983206, 0.987520
2247,1.000000, 0.964344
2248,0.997054, 0.964790
2249,0.997348, 0.983063
2251,0.977313, 0.988858
2253,0.997643, 0.979201
2255,0.970536, 0.982469
2257,0.999411, 0.944139
2260,0.976134, 0.986035
2261,0.989982, 0.985292
2264,0.999116, 0.976972
2265,0.966411, 0.988412
2267,0.998527, 0.986480
2269,0.986741, 0.993315
2270,0.998821, 0.973555
2271,0.999705, 0.982618
2272,0.999116, 0.979052
2273,0.975840, 0.988115
2275,0.969652, 0.990046
2277,0.962286, 0.996583
2281,0.998232, 0.958847
2283,0.961108, 0.994800
2285,0.961402, 0.985886
2289,0.979375, 0.985738
2291,0.971420, 0.987223
2293,0.980554, 0.992869
2295,0.987036, 0.988412
2296,1.000000, 0.994057
2297,0.989982, 0.989006
2300,0.987920, 0.990492
2302,0.995875, 0.990789
2303,0.965822, 0.996732
2304,0.982616, 0.971030
2305,0.972893, 0.990492
2306,0.956099, 0.995543
2307,0.964643, 0.982023
2309,1.000000, 0.897044
2310,0.997938, 0.974149
2313,0.996759, 0.991235
2314,0.999705, 0.966127
2315,1.000000, 0.972367
2316,0.999411, 0.968355
2317,0.993223, 0.990937
2319,0.982616, 0.988115
2321,0.998232, 0.993166
2322,0.989688, 0.996286
2324,0.988804, 0.986480
2326,0.969063, 0.993166
2328,0.959635, 0.993315
2329,0.999705, 0.990343
2331,0.994107, 0.989749
2332,0.986741, 0.995394
2335,0.978786, 0.997177
2336,0.978786, 0.991532
2338,0.992045, 0.995097
2339,0.984973, 0.972961
2340,0.975250, 0.977121
2341,1.000000, 0.978458
2342,0.972893, 0.994652
2344,0.969947, 0.993760
2345,0.998232, 0.979646
2346,0.964349, 0.999109
2348,1.000000, 0.891695
2349,0.976134, 0.987818
2350,0.993518, 0.988560
2351,0.999705, 0.980686
2352,0.997643, 0.991086
2353,0.980849, 0.995989
2354,0.999116, 0.991086
2355,1.000000, 0.956619
2357,0.965527, 0.993315
2361,0.968179, 0.982915
2362,1.000000, 0.962413
2363,0.980849, 0.991532
2365,0.999705, 0.972367
2368,0.997348, 0.989006
2369,0.984384, 0.993463
2371,0.999411, 0.981726
2372,0.975545, 0.990195
2373,0.999705, 0.975338
2374,0.986447, 0.983955
2375,0.996464, 0.961521
2377,1.000000, 0.986778
2378,0.989688, 0.984103
2379,0.999411, 0.970881
2381,0.971715, 0.996583
2382,0.979965, 0.980389
2383,0.999705, 0.965087
2384,0.977018, 0.979944
2387,0.977313, 0.995840
2388,0.968768, 0.996583
2389,0.998527, 0.994057
2390,0.997938, 0.989749
2391,1.000000, 0.977715
2392,1.000000, 0.988709
2393,0.987331, 0.984103
2394,0.999411, 0.973109
2395,0.964938, 0.993017
2399,0.995286, 0.986926
2402,0.989393, 0.980389
2404,0.972009, 0.978309
2405,0.964054, 0.988560
2406,0.999705, 0.973258
2407,0.969358, 0.989452
2408,0.983795, 0.983063
2409,0.995875, 0.994206
2410,1.000000, 0.973704
2411,0.989098, 0.970881
2412,0.974661, 0.995692
2413,0.971715, 0.988115
2414,0.964643, 0.995989
2415,0.985857, 0.991829
2416,0.997643, 0.974595
2417,0.995875, 0.975041
2418,1.000000, 0.982618
2419,0.984973, 0.994652
2420,0.974367, 0.977864
2422,0.970242, 0.994503
2424,0.999116, 0.972070
2425,0.992929, 0.985440
2428,0.998527, 0.976527
2429,1.000000, 0.978012
2430,0.999705, 0.973555
2431,1.000000, 0.972070
2434,0.991750, 0.982915
2438,1.000000, 0.965087
2441,0.976724, 0.994949
2442,0.998821, 0.979498
2443,0.989688, 0.985440
2444,0.990277, 0.992423
2445,1.000000, 0.948150
2446,0.996464, 0.986035
2450,1.000000, 0.972961
2451,1.000000, 0.976972
2453,0.982911, 0.983361
2454,0.996464, 0.995097
2456,0.996170, 0.991977
2459,1.000000, 0.972812
2460,0.979375, 0.991680
2464,0.979965, 0.996137
2466,1.000000, 0.975487
2467,0.996464, 0.987520
2470,0.995580, 0.987075
2471,0.998821, 0.977269
2474,0.989982, 0.991532
2475,1.000000, 0.977269
2476,0.991161, 0.993760
2477,1.000000, 0.966573
2478,0.978786, 0.992572
2480,0.979965, 0.994949
2483,0.999705, 0.975189
2485,0.983500, 0.994057
2486,0.999411, 0.995840
2487,0.978197, 0.996434
2488,0.990572, 0.976378
2491,0.953153, 0.994057
2492,0.998527, 0.987223
2493,0.984384, 0.991532
2496,0.992634, 0.991383
2497,1.000000, 0.973258
2500,0.981438, 0.995840
2502,0.999411, 0.987669
2503,0.984973, 0.998366
2506,0.989098, 0.989452
2507,1.000000, 0.980835
2508,0.994991, 0.993463
2510,0.998821, 0.987966
2511,0.989098, 0.993017
2512,1.000000, 0.970435
2513,0.989982, 0.991829
2517,0.998527, 0.982766
2519,0.999705, 0.960927
2520,1.000000, 0.978309
2521,0.999705, 0.976972
2523,1.000000, 0.983509
2524,0.971715, 0.987669
2525,1.000000, 0.984103
2528,0.983795, 0.990937
2530,0.973188, 0.993166
2532,0.983795, 0.995840
2534,0.984090, 0.994354
2535,0.997643, 0.990640
2536,0.998232, 0.990640
2538,0.997054, 0.980092
2539,0.998232, 0.976972
2540,0.999705, 0.984103
2541,0.972893, 0.990046
2542,0.991161, 0.993909
2544,0.979081, 0.993017
2545,0.959045, 0.982618
2546,0.981143, 0.995840
2547,1.000000, 0.990195
2549,1.000000, 0.978606
2550,1.000000, 0.976527
2552,0.977018, 0.997029
2553,0.960519, 0.995543
2554,0.993223, 0.993760
2556,0.999411, 0.972515
2557,0.999705, 0.988263
2558,0.986447, 0.985440
2559,0.994697, 0.980835
2561,0.987036, 0.993166
2563,0.994991, 0.993315
2564,0.987331, 0.983806
2566,1.000000, 0.996880
2567,1.000000, 0.980984
2569,1.000000, 0.980241
2570,0.972009, 0.994652
2572,0.967885, 0.997177
2573,0.989688, 0.989006
2574,0.999411, 0.973258
2575,1.000000, 0.988858
2576,1.000000, 0.971327
2578,0.999116, 0.972218
2580,0.989393, 0.993166
2581,0.986447, 0.996434
2582,0.984090, 0.996732
2584,0.999116, 0.981726
2586,0.999411, 0.966870
2587,0.965233, 0.998069
2589,0.994697, 0.987818
2590,0.968768, 0.997326
2591,1.000000, 0.979052
2596,0.990866, 0.985886
2597,0.971126, 0.997177
2600,0.980554, 0.992423
2601,0.991750, 0.986629
2604,0.975840, 0.993612
2606,0.993518, 0.981726
2608,1.000000, 0.990343
2610,0.999411, 0.993315
2611,0.997348, 0.986629
2612,0.989982, 0.992126
2614,0.999411, 0.991383
2615,0.970242, 0.993612
2616,0.985857, 0.994652
2617,1.000000, 0.976229
2619,1.000000, 0.989155
2621,0.998232, 0.992423
2623,0.999411, 0.991532
2624,0.982322, 0.992869
2625,0.994697, 0.993760
2627,0.979375, 0.995840
2630,0.999411, 0.984995
2631,0.981732, 0.994800
2632,0.992634, 0.987223
2633,1.000000, 0.984401
2634,0.997938, 0.990789
2636,0.985563, 0.994503
2637,0.999705, 0.983955
2638,0.994402, 0.995989
2639,0.997938, 0.991680
2640,1.000000, 0.995989
2641,0.997348, 0.982023
2642,0.994107, 0.996583
2643,0.997348, 0.982172
2645,0.981732, 0.987818
2646,0.978491, 0.996732
2647,0.987036, 0.992572
2648,0.993813, 0.992275
2649,0.999705, 0.994206
2651,0.999116, 0.979349
2653,0.988509, 0.984846
2654,1.000000, 0.987818
2656,0.986741, 0.986926
2658,0.989098, 0.997623
2661,0.999116, 0.983509
2662,0.989393, 0.995246
2663,0.986152, 0.994057
2664,0.995580, 0.988263
2665,0.997643, 0.973109
2667,0.987331, 0.992720
2668,0.988214, 0.997177
2669,0.984090, 0.993017
2670,1.000000, 0.982766
2672,0.999411, 0.986629
2673,0.988509, 0.991383
2674,0.999411, 0.996434
2675,0.975545, 0.997326
2676,0.986152, 0.982023
2677,0.996759, 0.993463
2678,1.000000, 0.967315
2679,0.981438, 0.998366
2681,1.000000, 0.974447
2683,0.996464, 0.994057
2684,0.999411, 0.991680
2686,0.984679, 0.984401
2688,0.996170, 0.991532
2689,0.993813, 0.995989
2690,0.988804, 0.996880
2691,1.000000, 0.981875
2695,0.967295, 0.996732
2696,1.000000, 0.982915
2701,0.990866, 0.996732
2702,0.998821, 0.997623
2703,0.987036, 0.988560
2705,0.994991, 0.981875
2707,0.993813, 0.994652
2710,0.999411, 0.993760
2712,0.994697, 0.987966
2713,0.997643, 0.984846
2714,0.989688, 0.993909
2716,0.985268, 0.990937
2717,0.979670, 0.993017
2718,1.000000, 0.985589
2720,1.000000, 0.992126
2722,0.999705, 0.993612
2724,0.999411, 0.981578
2726,0.996759, 0.991977
2728,0.999411, 0.995246
2729,1.000000, 0.987075
2732,0.999705, 0.981578
2733,0.999705, 0.985886
2734,0.994107, 0.987966
2735,0.998527, 0.995394
2737,1.000000, 0.981281
2740,0.980849, 0.990046
2742,1.000000, 0.994800
2743,0.999705, 0.992126
2745,0.999116, 0.985440
2746,0.999116, 0.994354
2747,0.999705, 0.980241
2748,0.988214, 0.997474
2749,0.985857, 0.990195
2751,0.991750, 0.994206
2753,0.989098, 0.991680
2754,0.991161, 0.997623
2756,0.980259, 0.995840
2757,1.000000, 0.985440
2759,1.000000, 0.986926
2763,0.991161, 0.986480
2765,0.989982, 0.992720
2769,0.987625, 0.994949
2775,0.977608, 0.989303
2777,0.994991, 0.990640
2778,0.999116, 0.992720
2779,0.983206, 0.995246
2780,0.995580, 0.994652
2781,1.000000, 0.993909
2782,0.998527, 0.994206
2784,0.994402, 0.993017
2788,0.982911, 0.995246
2791,0.991750, 0.992720
2792,1.000000, 0.993760
2794,0.998232, 0.996286
2795,0.987331, 0.993017
2796,0.982616, 0.996137
2798,1.000000, 0.989897
2799,0.985268, 0.997623
2800,0.999411, 0.980686
2801,1.000000, 0.970584
2803,1.000000, 0.979646
2807,0.985563, 0.995840
2809,0.995875, 0.995989
2810,1.000000, 0.980092
2811,0.997643, 0.997474
2812,0.999705, 0.977566
2813,0.986741, 0.996434
2815,0.998821, 0.986183
2818,0.988214, 0.995543
2819,1.000000, 0.993017
2820,1.000000, 0.989452
2823,0.990277, 0.996434
2824,0.997054, 0.994206
2825,0.998232, 0.992572
2826,0.998527, 0.988263
2827,0.999705, 0.989897
2829,0.986152, 0.992869
2830,0.985268, 0.995543
2832,0.998232, 0.988263
2833,0.994991, 0.997326
2834,0.999705, 0.987966
2835,0.981438, 0.995246
2836,1.000000, 0.984846
2837,0.986152, 0.995097
2838,1.000000, 0.988115
2839,0.999705, 0.992720
2842,0.996759, 0.992720
2845,0.998527, 0.993760
2846,0.996464, 0.994206
2850,0.992339, 0.995394
2853,0.988509, 0.994652
2855,1.000000, 0.992423
2857,0.999705, 0.993760
2858,0.998821, 0.997772
2859,0.986741, 0.994949
2860,0.997643, 0.996732
2861,0.991750, 0.996880
2865,0.997938, 0.992423
2866,0.983206, 0.997474
2867,0.992045, 0.997326
2868,0.999116, 0.993760
2870,0.990866, 0.997177
2871,0.998821, 0.986629
2872,0.996170, 0.995394
2874,0.990277, 0.997029
2876,0.982616, 0.996732
2877,0.986152, 0.996286
2881,0.997054, 0.995246
2883,0.998821, 0.986035
2885,0.989688, 0.997326
2886,0.994107, 0.997029
2888,0.993518, 0.994354
2891,0.991750, 0.996434
2893,0.982911, 0.996137
2894,0.989982, 0.997474
2896,0.990866, 0.998960
2898,0.990277, 0.993909
2899,0.994697, 0.995840
2900,0.998821, 0.997177
2901,0.987625, 0.994206
2903,0.985857, 0.997326
2904,0.994402, 0.995394
2907,0.992339, 0.993166
2908,0.996170, 0.996732
2909,0.988509, 0.997623
2910,0.986152, 0.990046
2911,0.994402, 0.992423
2912,0.986447, 0.993463
2916,0.990866, 0.995543
2917,0.991456, 0.994503
2918,1.000000, 0.990789
2920,0.999116, 0.991680
2921,0.997054, 0.988709
2923,0.998527, 0.993315
2924,0.997054, 0.986332
2928,0.997348, 0.995840
2931,0.995286, 0.993166
2936,0.989688, 0.996880
2938,0.991456, 0.996434
2941,0.994402, 0.996434
2945,0.985857, 0.993909
2946,0.989982, 0.995543
2949,0.991750, 0.995394
2950,0.991456, 0.979052
2954,0.999116, 0.996434
2957,0.983795, 0.998514
2962,0.986152, 0.994206
2963,1.000000, 0.991680
2964,0.999705, 0.987520
2966,0.999116, 0.984549
2967,0.991750, 0.997623
2969,0.986447, 0.998366
2971,0.997938, 0.995543
2972,1.000000, 0.995097
2973,0.990277, 0.988115
2974,0.984679, 0.998811
2976,0.991161, 0.997920
2978,0.999411, 0.990343
2979,1.000000, 0.986629
2980,1.000000, 0.991532
2981,0.999116, 0.994949
2983,0.999411, 0.994057
2989,1.000000, 0.998217
2990,0.993518, 0.997920
2991,1.000000, 0.985292
2992,0.989982, 0.993612
2994,0.997348, 0.990343
2996,0.997348, 0.995394
2998,0.991750, 0.994652
2999,0.998232, 0.998663
3000,1.000000, 0.993612
3003,0.998821, 0.989155
3004,1.000000, 0.994652
3005,0.994107, 0.994057
3006,0.997643, 0.993315
3008,0.993813, 0.991086
3012,0.992929, 0.998069
3013,1.000000, 0.992275
3014,0.990572, 0.995989
3015,1.000000, 0.987520
3017,1.000000, 0.994354
3020,0.987920, 0.993017
3022,0.996759, 0.998217
3023,0.992045, 0.998069
3027,0.999705, 0.992572
3028,0.999411, 0.995097
3029,0.992339, 0.997029
3032,0.997054, 0.997623
3033,1.000000, 0.995246
3036,1.000000, 0.993463
3037,0.999705, 0.994503
3039,0.999116, 0.992572
3040,0.999116, 0.994652
3041,0.992339, 0.996137
3044,1.000000, 0.991086
3045,0.992634, 0.996732
3048,0.999705, 0.995394
3051,1.000000, 0.996583
3052,0.982911, 0.998069
3055,0.995580, 0.998514
3061,0.992045, 0.994354
3062,1.000000, 0.984995
3063,0.997348, 0.997474
3067,0.986447, 0.999554
3068,0.999705, 0.991680
3069,0.993223, 0.997772
3070,0.993223, 0.999554
3073,0.998821, 0.997920
3075,0.999411, 0.994800
3079,0.997348, 0.994949
3080,0.997643, 0.992423
3081,0.988214, 0.997623
3083,0.999705, 0.991977
3084,1.000000, 0.989600
3088,0.999411, 0.994206
3090,0.996759, 0.999109
3091,0.989098, 0.996434
3092,0.997643, 0.994503
3093,0.991750, 0.994057
3095,0.995286, 0.992720
3096,1.000000, 0.990492
3099,0.994991, 0.996880
3100,1.000000, 0.989303
3101,1.000000, 0.988412
3102,0.988804, 0.997177
3103,1.000000, 0.997177
3104,0.989982, 0.992572
3105,1.000000, 0.989006
3107,0.997054, 0.999257
3108,0.999411, 0.994503
3109,0.997643, 0.999406
3113,0.999116, 0.998663
3116,0.994107, 0.996732
3117,0.997054, 0.995692
3121,0.993223, 0.997474
3123,0.993813, 0.996286
3124,1.000000, 0.996286
3125,0.999411, 0.992126
3128,0.999705, 0.993463
3129,0.997643, 0.997772
3130,0.999116, 0.995989
3131,0.998821, 0.996286
3133,0.996170, 0.990046
3134,1.000000, 0.990937
3135,1.000000, 0.987372
3136,1.000000, 0.995840
3138,0.991456, 0.997029
3139,1.000000, 0.991235
3142,0.989393, 0.999109
3143,0.996464, 0.997772
3147,1.000000, 0.991977
3148,0.999705, 0.979201
3149,0.991750, 0.998514
3152,0.994402, 0.999109
3153,0.991456, 0.998960
3155,1.000000, 0.987223
3160,0.986152, 0.994949
3162,0.992634, 0.998811
3163,0.996759, 0.998366
3164,0.995286, 0.998069
3166,0.995580, 0.993909
3168,1.000000, 0.996732
3171,0.995875, 0.993017
3172,0.999705, 0.988115
3173,0.990277, 0.992869
3174,0.993813, 0.996434
3179,0.991456, 0.998366
3180,1.000000, 0.993315
3181,0.997054, 0.993909
3182,0.998527, 0.988560
3184,1.000000, 0.984549
3185,1.000000, 0.993166
3186,0.992634, 0.997474
3187,0.997348, 0.997029
3189,0.988509, 0.992869
3191,0.998821, 0.999257
3192,0.994697, 0.998366
3196,1.000000, 0.997920
3198,0.994991, 0.993760
3200,0.994107, 0.998217
3202,0.996464, 0.997177
3204,0.999705, 0.994354
3208,0.994991, 0.998811
3210,1.000000, 0.987669
3214,0.993223, 0.998069
3217,0.992045, 0.998811
3223,1.000000, 0.996137
3233,1.000000, 0.995692
3235,1.000000, 0.992869
3237,0.989098, 0.995989
3238,0.997348, 0.997920
3240,0.997348, 0.999257
3241,0.992634, 0.997920
3242,0.996170, 0.996434
3243,0.998527, 0.995246
3244,0.988214, 0.998663
3246,0.993813, 0.994057
3248,0.998527, 0.998811
3249,0.997054, 0.994800
3254,0.998527, 0.997623
3255,0.997938, 0.993760
3256,0.996759, 0.998811
3257,0.999116, 0.998960
3259,0.999411, 0.991235
3260,0.994991, 0.997772
3261,0.994697, 0.997474
3264,0.994697, 0.999703
3265,0.997348, 0.996880
3267,0.995580, 0.998811
3269,0.990277, 0.998514
3270,0.992045, 0.998663
3275,0.996464, 0.993760
3278,0.994991, 0.998514
3280,1.000000, 0.991829
3282,1.000000, 0.995394
3283,0.999116, 0.997623
3284,0.991750, 0.997474
3285,0.989098, 0.999406
3288,0.999705, 0.986926
3289,1.000000, 0.994949
3290,1.000000, 0.994503
3291,0.992929, 0.998217
3294,0.995580, 0.995246
3296,0.996170, 0.998663
3297,0.997643, 0.995097
3298,0.997938, 0.996137
3299,0.994991, 0.995989
3300,0.990277, 0.998960
3301,0.998232, 0.998217
3302,0.995580, 0.995097
3303,0.999705, 0.997920
3305,0.993223, 0.992720
3308,0.994107, 0.996434
3309,0.987036, 0.999109
3310,0.999411, 0.991086
3312,0.999705, 0.994652
3320,0.999705, 0.998069
3323,0.991456, 0.996137
3325,0.999411, 0.997474
3329,0.997348, 0.992275
3330,0.993813, 0.999257
3332,0.997938, 0.993909
3335,0.995580, 0.999109
3337,1.000000, 0.997772
3338,0.998527, 0.997920
3339,0.994697, 0.998514
3341,0.988804, 0.995692
3342,0.994402, 0.999703
3345,1.000000, 0.998366
3346,0.990866, 0.998217
3349,0.993518, 0.997326
3351,0.998821, 0.993612
3354,0.998527, 0.996434
3358,0.995286, 0.995840
3360,0.996170, 0.997772
3362,0.993813, 0.999851
3363,0.997054, 0.996434
3365,0.999705, 0.994949
3368,0.999116, 0.998069
3371,0.999116, 0.998811
3373,0.996759, 0.999257
3374,1.000000, 0.994206
3377,1.000000, 0.995543
3381,0.992929, 0.998811
3384,0.989393, 0.999406
3387,0.994991, 0.996434
3388,0.992339, 0.999554
3391,0.994697, 0.996880
3394,0.999705, 0.995692
3396,0.999705, 0.996880
3400,0.999705, 0.995989
3401,0.998527, 0.994503
3404,0.995580, 0.999554
3406,1.000000, 0.997029
3407,0.994107, 0.998811
3408,0.996464, 0.998514
3409,0.992339, 0.998960
3411,0.999705, 0.996732
3414,0.999705, 0.997623
3419,1.000000, 0.992572
3423,0.997054, 0.999703
3428,0.997938, 0.998663
3429,0.997348, 0.995543
3430,0.993518, 0.999109
3431,1.000000, 0.997326
3432,0.990572, 0.999851
3433,1.000000, 0.998069
3439,0.999116, 0.999257
3441,0.996170, 0.997474
3442,0.998232, 0.997177
3446,0.997938, 0.998514
3448,0.995875, 0.998811
3451,0.999705, 0.997177
3454,0.997054, 0.998663
3457,1.000000, 0.998960
3458,0.995286, 0.995692
3464,0.997348, 0.998960
3466,0.996170, 0.999406
3470,0.999411, 0.996137
3473,0.997054, 0.996137
3474,0.999705, 0.995543
3480,0.992634, 0.999109
3482,0.996464, 0.999406
3484,0.992634, 0.998366
3486,0.994402, 0.998217
3489,0.992929, 0.999109
3492,0.996170, 0.997623
3495,0.998821, 0.997326
3496,0.997938, 0.996286
3499,1.000000, 0.997623
3500,0.993223, 0.997177
3503,0.994402, 0.998514
3505,0.992929, 0.997177
3510,0.997348, 0.998663
3511,1.000000, 0.999257
3513,0.992045, 0.999554
3516,0.999116, 0.999406
3521,0.998821, 0.997474
3525,0.998821, 0.995246
3529,0.999705, 0.999109
3531,0.994107, 0.999109
3534,0.997054, 0.999109
3543,0.997938, 0.997772
3549,0.992929, 0.999554
3550,0.999411, 0.997029
3552,0.996464, 0.998366
3553,0.997054, 0.999406
3555,0.994991, 0.999554
3557,0.996170, 0.999851
3561,0.994107, 0.999554
3568,0.996170, 0.999257
3570,0.996170, 0.998960
3572,0.996759, 0.994057
3573,0.999411, 0.998217
3575,0.999705, 0.997029
3579,1.000000, 0.996434
3581,0.997348, 0.997177
3582,0.999705, 0.999257
3583,0.998821, 0.998217
3584,0.997938, 0.999406
3586,0.997054, 0.998514
3591,0.999116, 0.997177
3593,0.995875, 0.999851
3594,0.997938, 0.999554
3596,0.997938, 0.998069
3597,0.998232, 0.997474
3598,0.999116, 0.999109
3601,0.994402, 0.999554
3602,0.997348, 0.998514
3605,0.997938, 0.997623
3606,0.998821, 0.999109
3608,0.997643, 0.999554
3610,0.997054, 0.997474
3617,0.998527, 0.999257
3618,0.997938, 0.998217
3623,0.997938, 0.998960
3624,0.997643, 0.998811
3625,0.998821, 0.998960
3627,0.999705, 0.998514
3629,0.998232, 0.998069
3631,0.997348, 0.999406
3634,0.998821, 0.998663
3635,0.999116, 0.999703
3641,0.997643, 0.998663
3643,0.994697, 0.998811
3650,0.998232, 0.997920
3652,0.996464, 0.999554
3658,0.995580, 0.999703
3659,0.996464, 0.998811
3662,0.997054, 0.998366
3664,0.999411, 0.998663
3665,0.998821, 0.998811
3666,0.998527, 0.999406
3668,0.997938, 0.998811
3669,0.997938, 0.999851
3673,0.995875, 0.998366
3675,0.997348, 0.998366
3680,1.000000, 0.997474
3684,0.997643, 0.996880
3690,0.998527, 0.998069
3696,1.000000, 0.999109
3703,0.999705, 0.997474
3706,0.998527, 0.999554
3709,0.999411, 0.998960
3712,0.997348, 0.998069
3714,0.996759, 0.999554
3715,0.999411, 0.998366
3721,0.994991, 0.999406
3728,0.994697, 0.999406
3732,0.999411, 0.999703
3733,0.999116, 0.999554
3734,0.999705, 0.996583
3739,0.999705, 0.997772
3743,0.999705, 0.999703
3748,0.998527, 0.998960
3752,1.000000, 0.998514
3755,0.998232, 0.999703
3761,0.996759, 0.997772
3772,0.999705, 0.995246
3774,1.000000, 0.999703
3775,0.996464, 0.999703
3786,0.997054, 0.999851
3788,0.998232, 0.998514
3791,0.998232, 0.998960
3792,0.999705, 0.998811
3793,0.997348, 0.999554
3799,0.998527, 0.999851
3804,0.998821, 0.999406
3805,0.999116, 0.998514
3807,0.998527, 0.997029
3825,0.999705, 0.998217
3826,0.997054, 1.000000
3836,0.997938, 0.999703
3838,0.999411, 0.999257
3851,0.998821, 0.998514
3853,0.999705, 0.998960
3855,0.998232, 0.999554
3859,0.998232, 0.998366
3860,0.997643, 0.999257
3865,0.996759, 0.999851
3869,0.996170, 0.999109
3871,1.000000, 0.999406
3873,1.000000, 0.998811
3876,0.999116, 0.999851
3885,0.999411, 0.999109
3886,0.997938, 1.000000
3892,0.997054, 0.998811
3893,0.999705, 0.998663
3898,0.998527, 0.999703
3908,0.998527, 0.998366
3917,1.000000, 0.999554
3924,0.996759, 1.000000
3931,0.999411, 0.999554
3933,0.998527, 0.999109
3936,0.998232, 0.999109
3939,0.998821, 0.999703
3940,0.998232, 0.999257
3945,0.999411, 0.999406
3950,1.000000, 0.998663
3952,0.998821, 0.999851
3982,1.000000, 0.999851
3984,0.999116, 0.998366
3989,0.999411, 0.999851
4022,0.998821, 0.999554
4051,0.998232, 0.999851
4057,0.999411, 0.997326
4064,0.999705, 0.999851
4077,0.999705, 0.999554
4089,0.999705, 1.000000
4105,0.999411, 1.000000
4119,0.998527, 1.000000
4120,1.000000, 1.000000
4134,0.998232, 0.999406
4171,0.999116, 1.000000
4184,0.999705, 0.999406
4236,0.998821, 1.000000
